{"cameraMode":{"drawMode":0,"name":"Shaded","section":"Shading Mode"},"sceneLighting":true,"audioPlay":false,"sceneViewState":{"m_AlwaysRefresh":false,"showFog":true,"showSkybox":true,"showFlares":true,"showImageEffects":true,"showParticleSystems":true,"showVisualEffectGraphs":true,"m_FxEnabled":true},"in2DMode":false,"pivot":{"x":0.8342271447181702,"y":2.158501625061035,"z":-3.4476616382598879},"rotation":{"x":0.11170878261327744,"y":0.8409352898597717,"z":-0.19009004533290864,"w":0.49418923258781435},"size":4.514659881591797,"orthographic":false}