{"cameraMode":{"drawMode":0,"name":"Shaded","section":"Shading Mode"},"sceneLighting":true,"audioPlay":false,"sceneViewState":{"m_AlwaysRefresh":false,"showFog":true,"showSkybox":true,"showFlares":true,"showImageEffects":true,"showParticleSystems":true,"showVisualEffectGraphs":true,"m_FxEnabled":true},"in2DMode":false,"pivot":{"x":2.5334362983703615,"y":-0.9410293102264404,"z":2.6378366947174074},"rotation":{"x":0.11170878261327744,"y":0.8409352898597717,"z":-0.19009004533290864,"w":0.49418923258781435},"size":13.774398803710938,"orthographic":false}