{"cameraMode":{"drawMode":0,"name":"Shaded","section":"Shading Mode"},"sceneLighting":true,"audioPlay":false,"sceneViewState":{"m_AlwaysRefresh":false,"showFog":true,"showSkybox":true,"showFlares":true,"showImageEffects":true,"showParticleSystems":true,"showVisualEffectGraphs":true,"m_FxEnabled":true},"in2DMode":false,"pivot":{"x":2.328497886657715,"y":4.612086296081543,"z":-1.0977023839950562},"rotation":{"x":-0.003996751271188259,"y":0.9689578413963318,"z":-0.24670274555683137,"w":-0.01569766364991665},"size":12.12435531616211,"orthographic":false}